,epoch,train_loss,val_loss
0,1,0.5893757263213762,0.0
1,2,0.4100302301469396,0.0
2,3,0.36599630713615505,0.0
3,4,0.3302220226128082,0.0
4,5,0.3220198197275034,0.3617414681522434
5,6,0.30460395687641423,0.0
6,7,0.28493356329511055,0.0
7,8,0.2724415490625151,0.0
8,9,0.26316244056310933,0.0
9,10,0.234843139656911,0.3569120505022552
